product_id,brand,total_purchases
3580373,"p.i.t",19
1804316,"irbis",23
1586461,"kingston",7
1735481,"asus",17
3791351,"amd",236
4079420,"msi",31
456859,"chieftec",7
493266,"canyon",10
1633231,"canon",3
1399959,"alas",1
835615,"celly",5
1507291,"supermicro",1
1387877,"greenconnect",1
601545,"imex",1
3829912,"pantum",65
1785245,"canon",116
1008716,"saitek",57
620291,"cbr",27
822426,"logitech",12
622342,"hp",8
635807,"pantum",10
1747856,"kitfort",11
547359,"polaris",3
595675,"berkut",7
903734,"palmexx",7
262315,"bosch",15
462239,"brother",22
4027952,"pocketbook",70
1785246,"canon",57
471287,"edifier",24
3655969,"bosch",1
4099648,"palit",33
4102331,"nv-print",18
4102332,"nv-print",13
4102337,"nv-print",13
4102339,"nv-print",13
4279,"logitech",143
495121,"pioneer",38
1283197,"zyxel",2
1044766,"alas",1
1643225,"sandisk",2
3642324,"xiaomi",2
1633232,"canon",1
4100254,"asus",7
1250211,"polaris",1
4085921,"navitel",29
1745718,"fubag",7
1400158,"palmexx",31
1849361,"ballistix",4
4047109,"samsung",3
864114,"mobilepc",8
175949,"palmexx",2
136700,"asrock",64
1586338,"blast",15
1342127,"acv",2
4154206,"topon",12
124712,"edifier",21
4134165,"gigaset",27
3506322,"perfeo",7
886022,"samsung",16
1296152,"vlk",3
326436,"svetocopy",5
885572,"nv-print",54
1079495,"hp",2
1106172,"hp",2
1106207,"hp",2
4079568,"asus",5
254136,"janome",6
3791400,"amd",19
941353,"hp",2
1400099,"pitatel",1
1830076,"felisatti",10
947773,"metabo",3
1521771,"xiaomi",1
1821803,"sirius",7
788419,"seagate",3
809948,"asus",91
3660586,"philips",1
864139,"mobilepc",4
4099645,"gigabyte",108
1821557,"sirius",69
4101759,"kingston",1
1423328,"brother",40
16116,"sven",8
1703428,"mikrotik",2
1017163,"gigabyte",13
3536996,"p.i.t",10
828590,"sirius",2
1745330,"fubag",7
914954,"bosch",22
4183860,"msi",6
799067,"canon",72
412017,"bosch",2
1715916,"sirius",7
3828270,"sirius",16
705981,"sony",1
1976000,"intel",7
3828913,"gigabyte",3
622604,"toshiba",3
727408,"foxline",3
910026,"kingston",4
951881,"dialog",6
864021,"mobilepc",3
367545,"nv-print",17
4079110,"powercolor",2
905131,"comfort",2
4078967,"onkron",2
503238,"makita",7
474911,"makita",1
3966169,"gigabyte",9
4078916,"sapphire",45
3830296,"content",10
1040150,"nv-print",2
137302,"asus",42
1803705,"mikrotik",15
1821580,"sirius",4
4155808,"gorenje",11
3758495,"motorola",2
3642540,"hp",180
3961719,"asus",5
3721192,"accord",21
1745716,"fubag",7
1813579,"canon",24
1757030,"pantum",31
942339,"amd",56
3829572,"samsung",39
3193,"transcend",2
1735131,"epson",23
1850156,"anker",2
688075,"mikrotik",2
1570001,"camelion",1
1652056,"sirius",5
3828207,"sirius",6
1453717,"ark",2
4102739,"msi",19
16237,"sven",2
1795171,"canyon",44
1399865,"canon",6
523117,"asrock",55
690047,"transcend",3
3698718,"termit",8
608119,"panasonic",11
4101567,"msi",23
1504104,"berkut",7
89536,"huter",1
1016084,"accord",8
3790736,"canon",54
1703412,"leeco",7
1578612,"xiaomi",30
3790863,"scarlett",6
852851,"pitatel",4
813122,"gigabyte",2
4102009,"gbc",1
1400398,"keenetic",2
13327,"epson",33
1559246,"topon",1
3790344,"hama",2
685926,"hama",1
223506,"palmexx",1
1715907,"starwind",3
1746266,"alas",1
3755038,"sirius",10
1796317,"fubag",8
1666511,"polaris",4
4154735,"roccat",2
1247427,"bosch",1
3791401,"amd",14
857266,"greenconnect",3
1666930,"sirius",3
818918,"foxline",3
1843507,"pioneer",25
4102186,"smartbuy",6
846904,"huawei",30
349079,"kingston",11
8093,"hp",50
4183854,"sapphire",1
1282436,"alas",1
1246962,"hp",5
4183847,"asus",3
4076580,"msi",8
4125381,"intel",2
1355099,"kyocera",5
906871,"viewsonic",2
3760001,"canon",31
840623,"asus",8
1344853,"p.i.t.",2
3790948,"rapoo",2
1271550,"edifier",22
957591,"samsung",14
1676906,"sony",14
1724293,"asus",1
1803376,"amd",8
643684,"sandisk",5
1667376,"asus",1
4078913,"topon",20
3829452,"formula",3
788431,"seagate",3
4078407,"amd",17
1803721,"mikrotik",3
1342200,"cameronsino",6
1795333,"kitfort",1
460841,"edifier",8
502287,"huter",2
1282236,"topon",2
4079262,"powercom",1
677289,"fubag",7
883919,"topon",16
194199,"janome",21
1558943,"hoco",1
1453673,"camelion",2
427706,"hi-black",5
4154184,"powercom",2
4086284,"navitel",14
942447,"smartbuy",1
672145,"intel",3
1044616,"mobilepc",53
1019989,"hp",4
1079299,"mechanic",5
1746238,"alas",5
879654,"cyberflux",5
1016215,"cactus",5
1282273,"asus",2
1768424,"swat",2
125981,"sennheiser",25
3828706,"gigabyte",2
454994,"acv",4
863994,"orient",7
1507368,"keenetic",29
4013582,"sirius",24
595674,"berkut",3
1528927,"gorenje",3
1821814,"gigabyte",1
462241,"brother",24
4078955,"pioneer",4
1674137,"smartbuy",1
1507708,"polaris",6
1814300,"kitfort",1
3761414,"bort",12
620292,"cbr",10
852631,"superfine",1
1795643,"pioneer",5
722162,"genius",1
879432,"amd",3
847515,"sven",7
903876,"nv-print",6
463147,"muvit",1
6476,"logitech",13
4154414,"gigabyte",48
1354492,"kenwood",5
2712,"transcend",10
1586346,"ritmix",8
138695,"c-media",2
790527,"pitatel",1
1428424,"sirius",1
193859,"janome",16
1578067,"cactus",3
1703136,"netproduct",4
1263516,"fubag",33
727028,"sho-me",1
1674772,"sandisk",1
1756487,"kenwood",1
3551098,"robiton",3
395640,"cactus",7
599595,"aqc",4
1283611,"bort",9
810071,"metabo",5
866333,"greenconnect",10
889263,"xerox",25
1019228,"hyundai",3
1282565,"alas",1
1029625,"palmexx",1
3699987,"jbl",30
1428321,"samsung",11
16108,"cbr",2
895769,"ubiquiti",10
245205,"kingston",1
1829563,"aura",2
3828501,"bbk",28
1008938,"logitech",4
4088372,"thermaltake",4
296233,"lomond",1
1747854,"kitfort",12
1038724,"sandisk",24
1793196,"metabo",2
1848542,"samsung",6
1243441,"hyundai",1
1029293,"huawei",5
3560283,"palit",2
3556720,"msi",6
4183856,"msi",4
1484739,"zalman",3
1571205,"asus",1
4125982,"fubag",2
214864,"defender",4
867060,"asus",8
3507403,"gigabyte",1
3804563,"intel",22
4154236,"palit",8
1804326,"canon",3
1813108,"hp",2
690379,"brother",1
4044364,"easyprint",2
3192,"transcend",2
4079061,"powercolor",22
237215,"microsoft",5
4170463,"bosch",5
919786,"sapphire",7
3556278,"p.i.t.",8
3550643,"asus",1
54986,"cactus",5
1022295,"pitatel",2
3620813,"ritmix",12
1250496,"pioneer",10
3759997,"canon",52
1571208,"asus",2
4171088,"hama",1
894372,"palmexx",2
717450,"microsoft",1
252618,"asus",8
266528,"canon",4
266774,"canon",2
455111,"acv",5
914478,"philips",1
503243,"ombra",5
398214,"leef",3
4154233,"intel",1
4013167,"samsung",1
3758770,"asus",1
3648406,"asus",1
821773,"lg",3
4102626,"alcatel",6
1814365,"kitfort",8
4154167,"jvc",13
1282166,"samsung",2
1853714,"bort",22
1248469,"pocketbook",3
3804514,"amd",17
704649,"thermaltake",8
1342635,"hp",21
3828462,"steelseries",21
4156062,"digma",26
3721086,"hp",4
1803940,"tomoegawa",2
1401728,"hyundai",1
1652788,"smartbuy",8
633697,"aqc",1
3721154,"asus",8
1382188,"favourite",2
788438,"seagate",5
275127,"d-link",1
1342685,"zyxel",1
1843520,"samsung",12
3760003,"canon",29
1019172,"asus",1
3828336,"palmexx",1
1569433,"crucial",1
1613758,"asrock",1
3828866,"xerox",8
1666931,"sirius",15
209957,"brother",9
942555,"greenconnect",1
955459,"wiiix",1
571383,"pitatel",1
3759442,"p.i.t.",1
3605263,"katun",1
11551,"canon",9
1006697,"heddy",1
770335,"pitatel",3
1282390,"intel",2
4079112,"msi",3
484665,"hama",1
31954,"panasonic",18
1015938,"buro",3
1829602,"pioneer",1
564621,"lukey",4
947195,"xiaomi",6
413772,"ubiquiti",2
28480,"cactus",3
52708,"ubiquiti",20
3791592,"seagate",5
777673,"topon",4
886023,"samsung",16
3791410,"samsung",7
1301733,"ark",24
1813930,"gigabyte",14
757216,"pitatel",3
3605426,"samsung",2
864406,"intel",1
1803694,"mikrotik",2
248096,"metabo",19
1282625,"samsung",2
3580458,"pilotage",9
3790940,"rapoo",2
3699150,"msi",2
4079076,"spigen",1
471387,"nv-print",49
1549819,"xerox",5
1247958,"topon",1
886914,"dewalt",6
802199,"janome",2
4171036,"sapphire",4
478724,"asus",10
885824,"topon",5
3758834,"epson",12
3561634,"kitfort",7
1614100,"redmond",2
863795,"bosch",10
1368512,"alas",1
1531018,"sony",4
194183,"janome",2
16133,"defender",12
85962,"pioneer",12
4170750,"deepcool",2
1008021,"iek",1
3642382,"coocazoo",2
1079687,"leatherman",1
1660268,"winard",1
3829913,"pantum",10
1036404,"aerocool",1
1521567,"gigabyte",1
620230,"topon",3
701781,"cactus",1
4102577,"acer",2
1745714,"hoco",2
3924092,"hp",1
1368534,"alas",2
1004134,"greenconnect",4
4155385,"sapphire",23
3791079,"amd",14
4099834,"msi",10
1341625,"kyocera",2
863885,"dialog",1
1710174,"redragon",1
877060,"msi",10
1017768,"spigen",3
1409338,"greenconnect",1
349256,"hyperx",4
90504,"makita",2
1400450,"lg",1
350501,"hyperx",1
1559143,"lucia",3
1682286,"greenconnect",1
4170505,"samsung",9
3758804,"apple",1
3660500,"xiaomi",1
658832,"acv",3
871692,"palmexx",18
2777384,"topon",2
4012993,"samsung",5
3791077,"amd",6
664185,"canon",1
876835,"gigabyte",2
4076558,"hama",1
4099646,"msi",3
1803560,"perfeo",1
1031753,"b.well",1
852901,"pitatel",3
1271563,"gigabyte",16
1652064,"sirius",2
1148876,"gembird",1
4154745,"gembird",1
4079057,"spigen",1
13919,"ritmix",3
1029329,"smartbuy",3
3945564,"msi",7
1040212,"nv-print",1
455714,"acv",5
1452877,"canon",5
1652031,"lg",3
3616980,"samsung",16
1525352,"w.e.p",1
846775,"element",5
855030,"gigabyte",1
4079111,"sapphire",4
635040,"spigen",1
910132,"topon",3
817159,"parkmaster",3
661272,"logitech",2
224302,"palmexx",1
842002,"intel",5
4099526,"araree",2
1400107,"greenconnect",1
3679275,"msi",1
846779,"yihua",1
3422565,"procase",1
871846,"telecom",3
3632594,"lg",25
1270822,"amd",9
3791773,"gigabyte",3
1805411,"and",6
3964979,"msi",3
3790358,"zebra",3
541734,"huter",1
3580287,"aukey",1
636725,"jbl",3
4112061,"ombra",4
4078917,"asus",5
912186,"apple",4
262509,"microsoft",2
611685,"topon",2
830454,"batterika",1
54984,"cactus",2
1633554,"pitatel",2
949004,"samsung",7
1328268,"hoco",5
4156066,"digma",1
291701,"panasonic",1
301214,"zebra",4
1578301,"gigabyte",8
1541990,"aoc",1
1745899,"epson",10
955583,"ritmix",6
1747857,"kitfort",12
787928,"huawei",6
1413340,"amd",34
955752,"samsung",1
265716,"jvc",1
1586099,"mobilepc",18
1400401,"sega",25
1703943,"genius",3
931905,"amd",1
58614,"sapphire",1
1843516,"huawei",2
3828891,"samsung",11
1578381,"cameronsino",1
3605900,"inoi",5
3791288,"palit",5
4101491,"dell",1
3297549,"hp",1
611939,"resmed",1
1153795,"ibox",3
1715918,"sirius",10
59240,"cactus",1
3632598,"ural",1
1848234,"thermaltake",4
7887,"logitech",20
864481,"greenconnect",2
1354359,"jvc",2
3698752,"lexmark",6
826641,"pitatel",1
566068,"samsung",1
1443807,"swat",3
781184,"canon",3
571855,"hi-black",9
1735640,"digma",8
269973,"chieftec",2
1248342,"lg",2
307908,"casio",1
3671615,"intel",3
885863,"topon",1
139144,"deepcool",7
123668,"microsoft",8
37027,"bosch",14
277612,"canon",3
4099764,"pioneer",71
4031353,"microsoft",10
4079421,"gigabyte",22
609867,"topon",1
1849761,"samsung",1
1013354,"cactus",1
1040169,"intel",6
1008767,"asus",2
543439,"microsoft",5
93569,"makita",2
281925,"cactus",4
1044696,"pitatel",2
494725,"cactus",5
387952,"asus",1
955848,"benq",3
665670,"pantum",6
466153,"palmexx",13
1883343,"samsung",2
1503895,"topon",1
1586107,"mobilepc",4
3984668,"haier",1
1633763,"pioneer",6
864209,"kromax",5
864234,"kromax",2
3537123,"sega",2
1299713,"netproduct",3
1135301,"panasonic",3
1578072,"patriot",1
4044469,"xiaomi",1
3760253,"hp",3
499471,"panasonic",1
881774,"pitatel",1
1667207,"epson",3
1821672,"sirius",12
4154624,"msi",3
1503541,"topon",14
3556676,"universal",12
775167,"pitatel",1
4183707,"dialog",7
1443804,"swat",5
906630,"asus",9
1803988,"hi-black",3
1013306,"digma",9
3829509,"sirius",1
1830085,"oklick",2
1643939,"sennheiser",3
1830137,"oklick",2
4099611,"cameronsino",2
1042530,"ubiquiti",13
3698885,"victorinox",2
4170137,"asus",1
4078417,"kyocera",8
1006967,"topon",12
223507,"palmexx",2
3671624,"intel",3
278560,"sven",3
1676252,"sega",7
28701,"cactus",3
864123,"mobilepc",5
1633437,"crown",3
180228,"zalman",7
1784781,"cameronsino",3
462236,"brother",6
613200,"logitech",3
775675,"canon",4
876526,"epson",1
1282324,"alas",7
1829776,"jbl",1
3829660,"xerox",3
1282955,"belkin",1
1036713,"patriot",1
725268,"bosch",3
864957,"epson",2
72922,"panasonic",2
547000,"mikrotik",1
743182,"kada",14
852391,"pioneer",2
1621926,"pitatel",2
1021520,"smartbuy",2
539794,"cbr",6
4078551,"pioneer",7
1850104,"gigabyte",17
4171147,"smartbuy",8
910547,"hyperx",2
1559252,"topon",2
4154620,"msi",5
750518,"lg",2
1652114,"sirius",2
3635127,"sirius",3
4081772,"msi",5
387956,"asus",5
596070,"acv",1
911888,"crucial",2
3760056,"hp",5
593716,"uninet",3
1443880,"cbr",7
1323738,"cactus",1
1323740,"cactus",1
1323742,"cactus",1
1323744,"cactus",1
665679,"pantum",3
1247635,"sirius",2
1008702,"sirius",1
3791141,"amd",8
893196,"sapphire",36
1794883,"pitatel",1
1367053,"alas",2
1444135,"zyxel",2
1746204,"canon",1
256847,"continent",1
1444883,"pccooler",1
4154092,"hama",5
910115,"topon",2
1703581,"topon",1
1428982,"hiwatch",3
742259,"thermaltake",1
4028751,"asus",9
871740,"mobilepc",2
1030456,"epson",4
292920,"kromax",2
1887911,"redmond",13
1985,"transcend",1
3987950,"bort",1
857282,"celly",3
194198,"janome",1
1356542,"patriot",1
3506432,"sirius",1
623426,"hp",32
606348,"netproduct",1
1044608,"mikrotik",2
3606492,"asrock",13
3828163,"acv",17
1299841,"samsung",4
350505,"redmond",2
394411,"intel",4
1829599,"pioneer",1
3791403,"amd",24
1444868,"corsair",2
802292,"mobilepc",2
770282,"pitatel",3
4156046,"foxline",2
3759117,"cactus",3
608716,"hp",2
66111,"cactus",2
66112,"cactus",2
295681,"hp",1
4170539,"cbr",7
1429211,"crown",3
426325,"aoc",1
3791352,"philips",3
664113,"gigabyte",2
871585,"muvit",4
3792900,"bosch",1
16339,"defender",1
1703429,"mikrotik",1
906439,"edifier",2
4044367,"hi-black",2
4038506,"xiaomi",2
952889,"chieftec",2
87917,"pioneer",2
88111,"pioneer",2
16340,"defender",7
542812,"samsung",1
4101951,"positive",3
1747855,"kitfort",9
1366704,"pitatel",8
1652053,"sirius",12
1723799,"keenetic",8
227261,"palmexx",2
813093,"gigabyte",6
608168,"katun",3
608169,"katun",3
1542047,"digma",3
3657591,"bosch",17
1021153,"gladwork",1
817047,"hi-black",1
817049,"hi-black",1
636151,"katun",3
1652852,"bort",1
4051808,"coteetci",1
644760,"janome",1
1778883,"pitatel",2
4155156,"hyundai",1
2813929,"pitatel",2
3632641,"apacer",2
1521461,"gorenje",1
1453087,"remax",1
690373,"brother",3
1667065,"w.e.p",4
4101476,"kenwood",18
4079501,"pioneer",11
1667761,"jvc",5
704599,"makita",1
1306452,"tp-link",1
595864,"creative",2
1813242,"hama",1
1135340,"seagate",1
4013433,"sirius",2
4012951,"tripplite",2
1703589,"sony",1
4100427,"kenwood",23
4051901,"cameronsino",3
1804105,"alcatel",5
4079301,"sapphire",12
1768294,"perfeo",1
3581989,"ginzzu",4
871557,"makita",1
359220,"intel",2
1621907,"kromax",8
42222,"philips",1
1250469,"p.i.t.",1
1830227,"intego",3
1547839,"smartbuy",5
261640,"epson",1
630863,"nv-print",16
608709,"epson",4
3570872,"pocketbook",2
1016822,"panasonic",2
1506618,"topon",1
1651978,"topon",11
180850,"brother",2
1033857,"sandisk",3
1306863,"sho-me",2
3829009,"samsung",12
1671867,"bort",1
1443878,"cbr",2
4099621,"pitatel",1
431306,"transcend",1
600024,"transcend",2
3760250,"hp",2
1529028,"aerocool",1
3829176,"pmma",9
73593,"sennheiser",1
1895739,"samsung",7
1625963,"e.o.s",3
4079573,"gigabyte",4
1296130,"topon",1
910110,"topon",2
4047193,"bbk",1
426261,"cactus",3
3648548,"baseus",2
1413222,"baseus",6
3582009,"hyundai",1
4013522,"epson",29
609196,"corsair",8
910889,"bort",1
87418,"morel",4
698926,"makita",4
885791,"nv-print",1
1080093,"ricoh",11
817160,"parkmaster",2
219291,"palmexx",1
817333,"logitech",2
81959,"cactus",2
894927,"vehicle",1
81562,"cactus",2
496751,"pantum",1
885650,"i-blason",2
3720581,"nv-print",1
650073,"lg",3
1521646,"asrock",13
1153845,"bbk",1
4170994,"bq",1
1660993,"philips",2
1723797,"tp-link",1
464569,"thermaltake",1
885848,"topon",1
852903,"pitatel",1
3658687,"cameronsino",3
1633460,"bq",1
611831,"topon",2
1738949,"kromax",1
884016,"topon",1
1007734,"harper",2
232918,"defender",1
1203188,"digma",8
1569816,"dyp",4
822085,"orient",1
3758903,"hp",5
3809407,"redmond",1
8096,"hp",7
4051570,"pitatel",1
1029643,"gigabyte",2
349088,"kingston",5
42990,"polaris",1
365132,"qumo",4
3660481,"asrock",3
474736,"exegate",3
4013216,"xerox",2
605482,"sony",1
548899,"philips",8
1745201,"formula",1
16122,"logitech",9
4085763,"playme",1
1660954,"digma",3
847425,"sven",3
622796,"asus",5
1443882,"pccooler",3
1027481,"espada",2
1716464,"harizma",10
1414313,"pccooler",1
4170282,"jvc",1
1250823,"deepcool",4
130544,"chieftec",2
3792149,"asrock",3
3829445,"gigabyte",2
3829861,"kingston",4
652784,"zalman",6
1643837,"pioneer",1
6285,"transcend",1
1756725,"formula",3
3760821,"asus",4
4102216,"id-cooling",8
4183736,"kingston",3
919843,"aerocool",3
71315,"cactus",3
71346,"cactus",4
525483,"merrylock",1
599608,"aqc",1
4044532,"sirius",3
105,"nokia",3
841061,"intel",7
871670,"kromax",11
824149,"zalman",12
696844,"hama",1
2823479,"hyperx",2
907146,"corsair",1
480126,"jabra",1
218078,"deppa",2
1716039,"digma",3
3661102,"hiper",1
628635,"gorenje",2
1507016,"topon",1
1578113,"pitatel",3
941210,"redline",3
3758635,"skymoto",5
1666699,"topon",2
1282959,"samsung",5
1453781,"cameronsino",1
941209,"redline",2
47580,"transcend",1
1154498,"keenetic",22
232037,"panasonic",5
951913,"sirius",1
1263531,"fubag",1
3828917,"samsung",2
1080488,"asus",8
1433658,"fubag",2
1282733,"seagate",1
222976,"palmexx",1
818230,"jbl",1
4101104,"dialog",6
877878,"sea",1
481159,"xerox",5
3698811,"lexar",1
802816,"topon",3
1682581,"solder",5
1753862,"bort",1
898180,"berkut",3
3760251,"hp",10
29728,"gigaset",1
736586,"chieftec",2
332007,"kromax",1
3830406,"cameronsino",1
687739,"buro",1
167423,"pioneer",4
827057,"pitatel",1
4099883,"palmexx",2
1400377,"kingston",2
3550548,"palit",5
4079565,"sapphire",14
3605240,"benq",6
1317440,"cactus",2
1317838,"cactus",1
952023,"netproduct",4
4102686,"xiaomi",1
1148949,"acv",6
1323648,"hama",1
910524,"hyperx",2
1466825,"elp",1
4171037,"sapphire",2
1613603,"kitfort",2
812978,"spigen",3
252635,"asus",1
1007619,"amd",1
3581576,"asrock",10
371764,"epson",8
803555,"top",1
1660690,"bbk",2
3658425,"cameronsino",1
461183,"asus",1
4170808,"ritmix",1
783179,"brother",1
1029356,"xiaomi",4
1031750,"b.well",2
903592,"sirius",1
1399780,"amd",4
295037,"samsung",2
1559417,"xiaomi",3
606237,"redmond",6
4099591,"cameronsino",1
3648220,"cameronsino",2
4100847,"cameronsino",11
903688,"nv-print",1
903689,"nv-print",1
903690,"nv-print",1
903691,"nv-print",1
1642998,"pioneer",3
7598,"kingston",1
3648551,"pitaka",1
4154618,"msi",10
4099435,"sirius",2
4079113,"msi",1
4183859,"msi",13
704500,"huawei",1
1306911,"pitatel",6
3537135,"samsung",2
3829652,"intel",1
1785507,"playme",1
420956,"deepcool",1
498174,"bbk",4
1034260,"jvc",1
1759662,"kitfort",9
1422811,"asus",2
3798269,"camelion",1
3777798,"huayu",3
1829969,"zetton",4
4183850,"powercolor",4
1796962,"favourite",8
3666022,"smartbuy",7
1246883,"cactus",1
1246885,"cactus",1
1246886,"cactus",1
1246888,"cactus",1
3791904,"alcatel",4
1079427,"synology",3
799642,"zalman",7
690060,"navitel",1
1715848,"sirius",4
917790,"aerocool",5
578196,"cactus",1
611507,"topon",6
628544,"toshiba",4
1007253,"prology",4
1135572,"topon",1
1153299,"jvc",2
1348738,"masters",5
1168166,"starwind",21
4102023,"samsung",3
668468,"epson",12
1007392,"inspector",1
1019192,"ginzzu",1
1047073,"ricoh",8
611505,"topon",1
4170526,"qumo",1
1542000,"seagate",4
4183834,"seagate",3
680263,"hyundai",1
717056,"tp-link",1
1008678,"topon",1
903218,"kromax",2
611554,"cbr",7
1813585,"procase",1
1587000,"hama",1
4154755,"intel",6
951994,"powerman",2
1279856,"gigabyte",5
1507558,"kingmax",1
1821542,"sirius",1
4101558,"msi",2
455687,"acv",1
475709,"metabo",1
4013586,"sirius",7
4183827,"d-link",2
1784833,"cameronsino",1
895532,"pitatel",2
4079099,"gigabyte",3
4051710,"smartbuy",1
1756724,"formula",8
1413339,"amd",9
864562,"smartbuy",1
1830517,"digma",2
759553,"artway",2
4005275,"bort",1
4183863,"palit",1
3777809,"huayu",3
1812553,"ritmix",1
879803,"mobilepc",11
817158,"parkmaster",1
1027358,"wacom",1
1714744,"canon",1
4099839,"palmexx",4
4079275,"amd",2
1950862,"bosch",1
661403,"logitech",9
768559,"redmond",1
86232,"pioneer",3
822452,"msi",1
852290,"intel",1
1803369,"steelseries",5
1370829,"smartbuy",2
879579,"mobilepc",2
787588,"pitatel",3
3829255,"sunshine",1
4183794,"acv",2
1429371,"delta",1
835314,"palmexx",1
1282292,"thermaltake",2
1413338,"amd",8
3698815,"smartbuy",1
4155218,"bort",1
1466829,"elp",1
1414228,"infinity",7
2652134,"cactus",1
4183836,"samsung",6
1559413,"pocketbook",4
3791693,"iiyama",1
760501,"redmond",1
262015,"dell",2
1513174,"crown",3
637590,"fubag",2
3797823,"smarterra",3
3828300,"smarterra",4
1724272,"pitaka",1
1644984,"pioneer",1
3791415,"nokia",3
3760252,"hp",1
1029632,"adata",2
1820953,"sandisk",2
3791509,"palit",8
465739,"gorenje",1
835956,"smartbuy",5
3647986,"cameronsino",1
1830099,"palit",6
571593,"hi-black",1
777535,"topon",1
1674297,"codyson",7
855423,"xerox",1
499349,"pantum",2
365723,"intel",1
812909,"spigen",3
576276,"seagate",1
167421,"pioneer",1
842364,"samsung",3
471297,"edifier",1
1009156,"lunatik",1
78802,"transcend",1
16824,"ritmix",1
471306,"cbr",3
223427,"palmexx",1
3150902,"topon",1
1401814,"deepcool",1
47969,"kingston",1
798692,"pitatel",1
751833,"sky",5
462242,"brother",1
3506236,"hyundai",1
905448,"western",3
3959577,"philips",8
4156065,"digma",1
1400323,"amd",1
228372,"chieftec",7
3506261,"corsair",2
1666599,"topon",3
225879,"microsoft",2
4100614,"chairman",1
1813131,"jbl",2
1248118,"hp",2
3660772,"benq",2
600022,"transcend",2
827111,"crown",1
1821612,"acv",1
1887062,"samsung",2
1550350,"mikrotik",1
4099078,"cactus",3
593997,"aqc",1
294657,"epson",1
4101156,"asus",1
54949,"cactus",4
54952,"cactus",1
54955,"cactus",4
54959,"cactus",1
1795247,"pioneer",3
1144538,"cablexpert",1
912085,"ubiquiti",1
906615,"thermaltake",1
1380632,"asus",3
1006527,"kingston",1
4052140,"cameronsino",1
828875,"greenconnect",1
1153852,"kromax",3
3605384,"patriot",2
3790941,"rapoo",10
788863,"p.i.t.",2
1821176,"hyundai",1
1586341,"blast",1
1507079,"gorenje",1
1428320,"samsung",10
885866,"topon",2
788861,"p.i.t.",14
1666539,"kitfort",1
1355028,"superfine",2
1355029,"superfine",1
1829586,"superfine",1
1829587,"superfine",1
4169406,"kitfort",3
803648,"pitatel",2
456860,"chieftec",1
1246728,"cactus",1
1246731,"cactus",1
1246732,"cactus",1
1246730,"cactus",1
871734,"mobilepc",1
1247771,"hp",1
1285468,"favourite",6
1660955,"ark",2
1506673,"topon",4
4183813,"brand-rex",1
3627714,"palit",4
1667099,"osnovo",1
642053,"cougar",1
602271,"panasonic",1
4102606,"favourite",4
365722,"intel",2
3829122,"motorola",4
548779,"palmexx",1
1803580,"palmexx",3
893212,"asus",1
223428,"palmexx",1
1724625,"edifier",7
1423575,"viewsonic",1
1768552,"pitatel",1
1682632,"swat",2
1027636,"starwind",1
86993,"pioneer",1
1042227,"aerocool",1
1142916,"a-data",1
1814282,"samsung",7
1023383,"zyxel",2
1549524,"zetton",4
2835752,"pitatel",5
4176355,"asus",1
1768727,"bosch",2
1282225,"sirius",1
759828,"svc",1
861964,"cactus",2
455110,"acv",2
844883,"muvit",2
952888,"chieftec",1
4022281,"samsung",3
4171020,"procase",1
1634476,"thermaltake",8
689200,"transcend",1
3698755,"lexmark",1
611307,"topon",1
821777,"scher-khan",2
3648338,"digma",3
673122,"huawei",4
78811,"transcend",1
821920,"palit",2
1569698,"digma",3
54980,"cactus",3
911680,"nv-print",8
3556912,"philips",1
3791083,"cameronsino",2
636458,"topon",1
3605157,"camelion",2
1578114,"pitatel",17
1443803,"swat",2
4154168,"jvc",9
895680,"pitatel",9
3758728,"cameronsino",1
1522055,"ritmix",1
1399884,"huawei",1
1423184,"toshiba",1
3791001,"rapoo",1
4035841,"tp-link",5
315180,"fluke",1
28573,"cactus",2
3828883,"seagate",5
4079109,"asus",1
1859552,"samsung",1
874132,"sven",2
1203145,"molex",1
885851,"topon",1
1703672,"dell",2
4170504,"araree",1
1044762,"alas",3
1655697,"greenconnect",1
3605421,"samsung",1
527640,"hynix",2
3721087,"hp",1
4102479,"canon",10
733901,"spigen",2
3679203,"pioneer",8
695081,"bort",1
1843361,"brother",1
3791849,"hp",1
332272,"hama",1
3681880,"zetton",1
4100911,"onkron",4
1371114,"steelseries",4
1820952,"sandisk",3
4155159,"bbk",1
1660544,"ipega",6
349253,"hyperx",1
912103,"gigabyte",1
3581977,"thermaltake",1
1271390,"epson",1
879752,"canon",2
4170711,"gembird",2
1521637,"moxom",2
1975979,"sirius",4
130522,"chieftec",2
868330,"cooler",1
77106,"bosch",1
1622070,"acmepower",4
864098,"mobilepc",1
1821725,"sirius",1
1144640,"aqc",2
3778204,"palmexx",1
1270376,"moxom",3
907788,"xerox",1
778780,"deepcool",1
1148961,"hama",5
1248654,"pitatel",1
3506395,"moxom",1
860085,"canon",2
854689,"pitatel",5
3721194,"panasonic",6
1453433,"cameronsino",1
1570050,"asrock",5
484171,"hama",1
3830465,"cameronsino",4
4099898,"palmexx",1
1013044,"digma",2
265176,"palmexx",1
3605152,"camelion",1
678660,"panasonic",3
907789,"xerox",1
907790,"xerox",1
4183780,"jpn",1
3655219,"kingston",1
1044544,"pitatel",2
54953,"cactus",6
904412,"pioneer",3
16822,"microsoft",1
4102625,"alcatel",3
1366845,"alas",3
727029,"sho-me",1
543117,"redmond",1
889614,"hama",1
820245,"pitatel",3
3792648,"gigabyte",2
1652074,"lenovo",5
1756548,"pocketbook",2
453844,"multitronics",1
803138,"lg",4
3545666,"acv",6
575694,"netproduct",4
817019,"pitatel",1
1043022,"benq",1
3760006,"canon",1
3560936,"necchi",1
4013214,"hyperx",9
1634465,"powercool",4
1015945,"cactus",5
1571204,"asus",1
4183659,"vcom",1
3567051,"samsung",2
1466900,"palmexx",1
1660670,"zyxel",1
3648547,"baseus",1
4087778,"felisatti",6
16187,"genius",3
582872,"epson",3
892102,"digma",13
879801,"mobilepc",1
895768,"tp-link",2
676687,"corsair",1
1529163,"palmexx",2
1428879,"smartbuy",3
816822,"hp",1
885865,"topon",1
1513378,"crown",1
206002,"xerox",1
206003,"xerox",1
3678883,"bort",3
206004,"xerox",1
264645,"xerox",1
1530287,"powercom",2
3830556,"cameronsino",1
589647,"zyxel",1
30040,"panasonic",4
1271552,"asrock",4
893413,"dewalt",1
87414,"morel",10
1453829,"iiyama",1
775653,"canon",1
1704377,"hoco",1
876659,"msi",1
664135,"supermicro",1
883775,"intel",1
1401723,"p.i.t.",4
1002524,"huter",3
450199,"buro",1
1135857,"videx",1
73710,"cactus",3
73715,"cactus",2
817161,"parkmaster",3
3758904,"hp",1
1850374,"panasonic",1
1682682,"pitatel",1
3830598,"pitatel",2
622709,"thermaltake",3
218977,"samsung",1
885519,"elp",1
1613812,"sirius",3
1703328,"asus",2
1830032,"asus",1
1135936,"epson",6
1645483,"pioneer",3
1724958,"panasonic",5
1821648,"sirius",1
1296114,"topon",1
3964980,"palit",6
685607,"cactus",3
4156050,"favourite",8
1042669,"benq",2
685536,"hama",2
734466,"polaris",2
885786,"nv-print",2
1674574,"aerocool",2
916471,"pitatel",1
543437,"crown",1
167424,"pioneer",2
4079064,"spigen",1
4099840,"msi",2
1428364,"fubag",4
3560298,"palit",6
1036406,"zalman",7
1814285,"haier",4
652306,"pioneer",2
223516,"palmexx",2
852709,"sirius",1
4078973,"topon",5
1796991,"kitfort",11
4013416,"kromax",5
1745080,"sirius",14
3538471,"samsung",3
228147,"hitachi",1
1675312,"kitfort",3
4079414,"starwind",5
1724122,"hikvision",1
1016074,"thermaltake",1
3616976,"samsung",6
1633627,"gigabyte",5
4102057,"msi",6
742921,"thermaltake",2
1153244,"darina",1
4100763,"spigen",2
461123,"corsair",1
1282599,"nv-print",1
1400089,"ricoh",1
3829275,"blast",5
168793,"hipro",1
852620,"canon",3
730764,"interpower",2
1366880,"alas",2
1453890,"msi",3
281926,"cactus",2
281931,"cactus",2
281932,"cactus",2
820059,"pitatel",8
857969,"metabo",1
3627719,"gigabyte",10
1660263,"samsung",2
4047245,"epson",3
4154733,"roccat",2
4079531,"hikoki",4
1768602,"telefunken",3
1163885,"hyundai",2
942477,"brother",1
1521804,"cactus",1
3557532,"metabo",11
4099921,"chairman",1
841972,"codyson",5
3817458,"p.i.t.",2
4154736,"roccat",3
3642508,"benq",1
1153692,"xiaomi",2
7600,"kingston",1
1822203,"redmond",1
3648180,"cameronsino",1
1735133,"iiyama",1
1756865,"kromax",2
3830297,"hi-black",3
1747852,"kitfort",12
3734820,"xiaomi",3
767518,"superfine",1
1400403,"ipega",3
1034666,"nv-print",4
3830475,"cameronsino",4
406544,"palmexx",1
3829554,"janome",5
1135434,"epson",3
4154430,"favourite",2
4155216,"bort",5
1703580,"topon",7
4099080,"cactus",2
1299956,"cactus",1
3647931,"asrock",3
798683,"mobilepc",1
3791152,"swat",3
3506612,"arian",7
1296104,"mobilepc",1
866570,"ballistix",2
3648340,"alpine",4
254139,"janome",3
395638,"cactus",2
172759,"logitech",2
4154802,"steelseries",7
66999,"cactus",1
1135032,"tp-link",1
954300,"casio",1
3792833,"redmond",3
4023995,"gorenje",2
599044,"huter",3
1666924,"cactus",2
4102244,"redmond",5
2677155,"canon",1
3648387,"ural",1
477113,"gbc",2
3422532,"cameronsino",2
1622146,"d-link",1
4079304,"msi",1
386524,"panasonic",4
579022,"seagate",2
874335,"sirius",1
481150,"canon",1
1271937,"p.i.t.",2
1250567,"bort",1
1586457,"d-link",1
1022285,"dayrex",1
1503490,"ecola",1
1453499,"hp",2
1504936,"topon",1
854,"noreve",7
1784873,"cameronsino",4
1785821,"foxline",2
243090,"sony",8
1813706,"epson",1
743212,"w.e.p",1
817825,"oki",8
3556263,"p.i.t.",2
1622341,"hp",2
1157421,"irbis",2
3698939,"seagate",5
1306429,"jbl",4
1008879,"topon",5
1413454,"keenetic",1
1039361,"darina",1
1883069,"samsung",1
3580831,"sirius",5
413769,"ubiquiti",1
61771,"cactus",1
4014956,"oklick",2
1785097,"fubag",3
3642413,"ritmix",2
881589,"muvit",2
538555,"panasonic",8
4170970,"aerocool",1
888693,"samsung",2
817098,"sony",2
1038751,"topon",2
3506409,"nv-print",5
1571007,"redmond",7
3976905,"hyundai",1
1694116,"honor",2
1013043,"digma",3
1274991,"kitfort",1
1643836,"pioneer",2
1838865,"canon",1
3829292,"thomson",1
1830918,"asrock",5
4079037,"palmexx",3
775490,"topon",1
1821724,"sirius",2
3828028,"hp",1
758792,"sirius",1
477118,"gbc",1
3648633,"lg",1
1454357,"canon",1
1769370,"epson",1
16118,"sven",1
1660244,"dyp",1
1105966,"hp",1
356748,"epson",8
3829661,"xerox",2
4154597,"bbk",2
1674740,"aerocool",1
522849,"benq",2
4154234,"msi",1
570552,"exegate",1
1821523,"sirius",1
652020,"casio",2
3790899,"sirius",1
1643272,"ritmix",1
4079422,"gigabyte",10
4051545,"wiwu",1
1737546,"kitfort",1
1529641,"xiaomi",1
1803852,"imex",4
3829038,"spigen",4
4078992,"araree",4
1724385,"spigen",1
4051604,"cameronsino",2
895431,"asus",1
4078809,"lg",1
1366874,"alas",5
1044429,"pioneer",1
895785,"qnap",1
1400399,"keenetic",1
768692,"dewalt",1
1328267,"hoco",5
854841,"pitatel",1
1886396,"samsung",2
1008592,"exegate",5
1660988,"kitfort",1
3791875,"cactus",1
885518,"elp",2
3791408,"digma",6
1153395,"hp",1
1306442,"palmexx",3
847078,"pitatel",1
1757104,"kitfort",1
3961660,"acv",5
631434,"hp",1
245481,"bosch",9
843646,"bbk",1
141676,"crucial",1
889114,"ippon",1
1248147,"ultramounts",1
3688380,"zetton",3
2440366,"navigator",5
1029558,"espada",1
3721224,"harizma",1
3962702,"asus",1
3829084,"pilotage",2
1430836,"pccooler",1
717132,"seagate",1
1027695,"logitech",1
1569904,"supermicro",2
4171060,"cactus",1
846981,"pitatel",1
3536911,"perfeo",1
1317696,"cactus",1
1674918,"msi",2
908273,"dialog",7
1013031,"digma",1
3759404,"acv",1
4099919,"sven",1
4099275,"mikrotik",2
336744,"samsung",2
3658317,"dialog",6
4078806,"panasonic",3
4079305,"gigabyte",1
635377,"toshiba",2
1674623,"nv-print",1
4078840,"hama",1
3573438,"spigen",1
4100621,"orient",1
1296155,"keenetic",4
3580260,"apple",1
3556972,"prestigio",3
3647897,"asus",4
1622075,"hama",1
827395,"codyson",1
642167,"singer",3
1042216,"smartbuy",1
1652078,"meizu",1
4154378,"cameronsino",2
1694512,"aoc",4
4154517,"xiaomi",5
464229,"sony",3
668564,"brother",1
4100182,"ritmix",1
829198,"kyocera",2
895405,"asus",2
1247425,"transcend",1
3605200,"motorola",5
475615,"asrock",2
493533,"dialog",2
3734311,"irbis",1
589518,"perfeo",1
813131,"asus",1
1153721,"zte",1
955489,"prestigio",1
636389,"topon",4
3828620,"hp",2
3791078,"amd",2
1756526,"digma",2
641613,"gorenje",1
32910,"cactus",1
1154493,"zyxel",1
3829280,"ritmix",5
4170957,"transcend",5
1248277,"seagate",1
879582,"mobilepc",1
52755,"tp-link",2
1756663,"digma",1
1296145,"vlk",1
475616,"asrock",13
1843526,"xiaomi",5
3830554,"cameronsino",1
3791437,"digma",1
903732,"palmexx",6
3605427,"samsung",1
3580279,"tp-link",1
1625509,"pioneer",10
838196,"acv",3
716611,"d-link",3
1413341,"amd",3
3759370,"spigen",1
1270831,"hi-black",3
718256,"bosch",2
1674639,"sandisk",1
1422914,"cactus",1
1422915,"cactus",1
1422916,"cactus",1
1779501,"fubag",3
1040136,"nv-print",1
3580669,"p.i.t.",3
1779516,"fubag",2
1354683,"patriot",1
1013353,"cactus",8
1586343,"blast",1
1814291,"haier",3
4154453,"fubag",2
888355,"canon",5
469425,"panasonic",2
1021469,"fanvil",3
608273,"canon",1
3422531,"palit",1
1247568,"resmed",2
1694590,"ritmix",1
575202,"defender",1
3647922,"msi",2
4154238,"msi",1
1466835,"elp",5
1521689,"smartbuy",1
4154627,"asus",1
4044550,"ritmix",1
1017639,"acv",1
1682300,"element",1
453836,"multitronics",1
3759929,"acer",2
123287,"genius",1
1027568,"topon",4
1012544,"starwind",3
1008714,"topon",1
1429373,"delta",1
4155375,"asus",3
1666730,"gigabyte",1
1246957,"hp",1
1246963,"hp",1
1246964,"hp",1
3792249,"exegate",1
125338,"creative",3
413767,"mikrotik",1
1586241,"i-blason",1
4078956,"acv",2
655808,"tefal",2
3666616,"chairman",1
1029367,"gladwork",1
4100060,"exegate",1
92685,"bort",1
855458,"remax",1
31489,"cactus",5
1148868,"pantum",10
295968,"lomond",1
1571192,"gigabyte",4
4013612,"hyperx",2
3758800,"netproduct",2
1633626,"zalman",3
2762709,"hyperx",5
672077,"canon",1
3791870,"nv-print",1
4013119,"superfine",1
4013120,"superfine",1
4013121,"superfine",1
4013122,"canon",1
1366843,"alas",1
1642926,"starwind",2
217374,"zalman",2
3556509,"ginzzu",3
669853,"swat",3
183533,"wharfedale",1
4183795,"acv",1
32522,"cactus",3
625053,"oklick",1
1571193,"gigabyte",1
4013181,"kingston",3
333675,"kenwood",8
1622472,"digma",2
4009532,"acer",3
4101127,"canon",1
288168,"asus",1
3828755,"eva",2
4099859,"huawei",1
1454845,"asrock",2
548809,"palmexx",1
1503443,"mercusys",1
874247,"sirius",1
1803710,"mikrotik",8
4067425,"makita",6
4155297,"marvo",1
1578110,"pitatel",2
802477,"pitatel",1
3581969,"ginzzu",4
787686,"perfeo",1
1715849,"sirius",2
1012925,"iiyama",2
1247869,"acer",1
3830002,"palit",2
631827,"bort",1
167425,"pioneer",1
502800,"jonnesway",1
903181,"bosch",1
3699143,"baseus",2
71253,"cactus",1
3648532,"acv",2
868241,"chieftec",2
1399886,"kobra",1
7602,"kingston",1
460331,"hama",1
893187,"asus",1
1422879,"lenovo",1
954428,"vr",1
1009728,"thermaltake",1
42953,"redmond",3
895542,"pitatel",2
1843544,"remax",3
1682397,"gigabyte",1
1745153,"steelseries",3
227698,"corsair",1
3632697,"cactus",2
3632698,"cactus",2
3632699,"cactus",2
3632700,"cactus",2
1153720,"zte",2
535335,"samsung",1
91341,"bort",2
1456376,"gefest",7
910017,"dell",1
144417,"hynix",6
893192,"asus",6
1794808,"ubiquiti",4
3538880,"xiaomi",2
876593,"spigen",3
1453464,"cameronsino",1
413206,"scarlett",2
1422878,"lenovo",3
1803698,"mikrotik",5
591435,"mikrotik",2
1883336,"samsung",4
232282,"zalman",1
1613597,"swat",1
401648,"yixing",3
125220,"creative",2
1282802,"hama",1
3759123,"cactus",4
1803871,"lomond",1
1400096,"pitatel",1
456467,"optim",3
3580502,"elp",3
3537947,"exegate",1
1784848,"cameronsino",1
860100,"ippon",1
1682392,"palmexx",1
1587048,"kitfort",2
1399946,"alas",1
223434,"palmexx",1
3556973,"prestigio",1
1508735,"huter",1
1976006,"gigabyte",2
421025,"deepcool",2
829195,"kyocera",1
1812567,"adata",3
1785284,"zyxel",3
1012915,"iiyama",1
1838983,"canon",1
864067,"mobilepc",3
410037,"wacom",5
895143,"palmexx",1
879590,"mobilepc",1
1674874,"sega",1
1399993,"alas",4
3829066,"xerox",7
741646,"hp",1
4170549,"sencor",2
1682572,"codyson",2
3830154,"polaris",1
1282473,"alas",1
1674136,"dialog",2
1768690,"xiaomi",1
658831,"acv",3
1008798,"topon",1
1299702,"ural",1
1883061,"samsung",2
308662,"gorenje",1
268303,"kromax",1
3829838,"greenconnect",1
1366862,"alas",1
817163,"parkmaster",1
1443605,"gefest",2
641285,"playme",1
356749,"epson",1
3658392,"kraft",3
4170958,"transcend",1
742923,"thermaltake",1
3605592,"smartbuy",5
1021263,"cameronsino",1
4154006,"digma",1
780688,"sinbo",1
1695100,"jvc",1
4101539,"gigabyte",5
4101489,"hama",1
4155918,"ritmix",2
391443,"panasonic",5
1674799,"kitfort",2
1444469,"asrock",1
847122,"sirius",1
1622081,"hama",2
1829570,"jbl",2
953830,"b.well",1
4101747,"exegate",1
610094,"topon",6
1652924,"id-cooling",1
4051583,"cameronsino",1
1049293,"p.i.t.",2
4154804,"hama",1
1724230,"kenwood",1
1843527,"xiaomi",1
4084762,"realme",1
3828749,"eva",2
1171698,"sirius",1
307033,"most",1
1570594,"palmexx",2
4101908,"positive",1
3964971,"palit",1
1400102,"pitatel",2
4079051,"spigen",2
1296622,"ritmix",1
3660773,"benq",1
1703410,"amega",1
4079021,"msi",4
1652203,"kada",2
1444915,"lg",1
1029948,"ritmix",1
1682455,"inspector",2
652015,"huawei",4
4101068,"perfeo",6
1030086,"acer",1
898294,"palmexx",1
4079073,"spigen",1
1308387,"celly",2
1951033,"bosch",1
151107,"continent",1
3656520,"bosch",5
4154428,"favourite",2
839876,"greenconnect",1
1341957,"greenconnect",1
3738555,"brother",3
126668,"tp-link",1
1578092,"hyperline",1
919615,"bbk",1
4155048,"msi",5
1153794,"ibox",1
1296563,"mikrotik",2
4155383,"powercolor",1
4155379,"sapphire",1
4155047,"gigabyte",1
73605,"panasonic",1
4078925,"msi",1
1830056,"itskins",1
236551,"hama",1
864436,"oki",1
3701187,"redmond",3
3791407,"digma",1
1306403,"transcend",1
4078556,"perfeo",1
1018058,"asus",1
3627721,"gigabyte",1
3791195,"hp",1
822237,"chieftec",1
1453486,"toshiba",1
3552201,"ritmix",1
1452884,"canon",1
826673,"pitatel",1
179727,"panasonic",1
391445,"panasonic",1
395324,"panasonic",1
641600,"panasonic",1
654434,"panasonic",1
3791413,"samsung",2
1263514,"fubag",1
1803272,"makita",1
1022262,"cameronsino",1
1530423,"toshiba",5
955473,"greenconnect",1
955475,"greenconnect",1
416307,"hyperx",1
826905,"netis",1
4102095,"baseus",1
3829128,"motorola",1
294113,"kyocera",2
1652295,"digma",1
1633725,"pioneer",2
3656523,"patriot",2
3806734,"samsung",1
1282162,"samsung",4
1814364,"kitfort",2
1723771,"cameronsino",1
822121,"pitatel",1
4100221,"acecamp",1
835619,"cobra",1
1249448,"intego",2
688281,"sho-me",3
4078373,"hoco",1
3807066,"bort",1
6265,"asus",2
698797,"bort",1
860475,"metabo",1
482046,"epson",1
4183793,"sirius",4
4013617,"hyperx",1
4079291,"msi",1
1356235,"pioneer",1
292922,"kromax",1
1769220,"pitatel",2
1667005,"sirius",1
4079566,"msi",2
3556363,"gigabyte",1
4044777,"hoco",1
855062,"greenconnect",2
4078817,"ritmix",1
790278,"sven",1
1813241,"xerox",1
82261,"cactus",1
1299808,"ritmix",1
3891956,"lg",1
1660978,"bosch",1
3634891,"sirius",1
223551,"palmexx",3
652465,"gigabyte",1
1399937,"alas",1
4102421,"smartbuy",1
3981074,"gfgril",1
1682375,"spigen",1
1724351,"spigen",2
1549475,"yeastar",4
349255,"hyperx",1
1422949,"kyocera",1
1383166,"b.well",1
3661541,"candy",1
903762,"palmexx",1
623425,"hp",5
1724234,"jvc",3
3791604,"mikrotik",1
847718,"pitatel",1
1528936,"perfeo",2
1803398,"orient",2
1428319,"samsung",4
1453320,"kromax",4
1660093,"thomson",1
4079100,"gigabyte",1
1034433,"cactus",1
3556440,"nv-print",1
16236,"microsoft",2
1821506,"steelseries",1
331599,"buro",2
7597,"kingston",2
1003742,"panasonic",5
883920,"topon",1
620911,"cyberpower",1
1576521,"makita",1
655839,"transcend",1
1466888,"topon",1
1030429,"philips",1
1549667,"aerocool",3
3422599,"fit",1
1756845,"hama",1
573674,"patriot",1
1703542,"huawei",2
1252525,"bort",3
1271936,"p.i.t.",1
47382,"transcend",1
1248696,"kenwood",1
4078761,"makita",2
3642335,"casio",1
401357,"hyperx",2
676363,"gorenje",5
237526,"bosch",3
4079315,"cigii",1
4005274,"bort",1
1666460,"ubiquiti",1
543647,"ricoh",2
3506436,"sirius",2
125483,"sennheiser",1
1354201,"celly",1
777546,"topon",1
4101416,"acv",1
802304,"mobilepc",2
1456373,"candy",3
3544118,"moxom",3
844881,"muvit",1
847579,"celly",2
842107,"tomahawk",1
4044377,"xerox",1
1682541,"hama",2
396281,"smartbuy",1
1768601,"telefunken",1
309779,"polaris",1
1027457,"kaisi",2
1107545,"lomond",7
1270820,"amd",3
1622044,"sho-me",4
1246826,"targus",2
1803959,"lomond",2
374053,"lomond",3
1135562,"topon",4
167240,"defender",1
3830544,"cameronsino",2
1570790,"adata",1
193876,"janome",4
3632586,"lg",2
3634934,"sirius",3
3790375,"samsung",1
663181,"yaxun",4
3537120,"espada",1
955507,"dell",1
690462,"crucial",1
130780,"aerocool",1
241977,"duracell",3
1843525,"xiaomi",2
4076546,"sho-me",1
1444009,"exegate",1
3804244,"polaris",2
3961720,"msi",1
3508993,"pilot",1
128805,"cyberpower",1
4101537,"asus",1
810088,"hama",1
658828,"acv",2
3506278,"gigabyte",2
1667068,"kaisi",1
482057,"canon",1
3581577,"asrock",2
1443939,"canon",3
1579065,"aerocool",1
245787,"zalman",1
3581572,"asrock",7
1153251,"lomond",1
761929,"gefest",1
609882,"topon",1
3734793,"seagate",1
3791594,"seagate",1
787607,"huawei",1
4051855,"casio",3
4005145,"honor",3
3658675,"cameronsino",9
1682757,"keenetic",2
1453318,"kromax",1
93007,"bort",5
892969,"cactus",5
3648531,"philips",1
676098,"thomas",3
956582,"hyundai",3
1663761,"p.i.t.",6
4183653,"smartbuy",3
3759019,"aura",1
1434012,"bosch",4
1423208,"panasonic",3
3828473,"defender",2
411419,"hama",3
725742,"palmexx",1
1735139,"gigabyte",1
828515,"epson",8
4044671,"lexmark",1
659975,"tp-link",2
1578296,"pitatel",1
535601,"nikon",3
743179,"kada",1
1247966,"topon",1
4155052,"gigabyte",3
1019171,"crown",4
16117,"sven",4
1413391,"pilot",2
790602,"gembird",1
730812,"interpower",1
84028,"pioneer",6
84029,"pioneer",4
257486,"kromax",2
1454115,"lg",2
841935,"agestar",1
1730206,"spigen",1
402220,"hyperx",2
3876373,"kromax",2
1756502,"huter",4
402221,"hyperx",1
638797,"netproduct",2
892099,"digma",2
3793171,"samsung",1
1029652,"inspector",1
3828113,"asus",2
293409,"yixing",2
3556600,"honor",1
3758491,"honor",1
1018150,"viewsonic",1
910015,"mobilepc",1
523914,"eurolux",2
889641,"cactus",2
575739,"qumo",4
1247640,"sirius",1
1250463,"p.i.t.",3
4170506,"maono",1
1470145,"espada",2
1135648,"topon",1
682321,"lg",1
797033,"canon",1
1282228,"topon",1
4102484,"smartbuy",1
3668833,"smartbuy",2
599747,"palmexx",1
1179580,"iek",2
3648028,"cameronsino",1
3557824,"samsung",1
1246875,"iiyama",1
852557,"rekam",2
1756532,"digma",1
3435437,"huter",1
1860694,"greenworks",1
811464,"bort",1
4155205,"polaris",2
3760930,"nokia",1
622389,"neomax",1
803743,"topon",1
3605138,"chairman",1
1327600,"kingston",1
130160,"apc",1
855424,"xerox",2
1682319,"spigen",8
1666809,"brother",6
1454055,"toshiba",1
295682,"hp",4
295684,"hp",4
641727,"sony",1
402217,"hyperx",1
92847,"bosch",2
842634,"pitatel",1
1086765,"leatherman",1
854928,"pitatel",1
750533,"jbl",3
1135864,"videx",3
652301,"pioneer",2
1013028,"digma",2
845265,"pitatel",4
1794647,"pioneer",1
1217330,"pitatel",1
905306,"fluke",4
1633493,"pitatel",2
1822460,"ark",1
1784876,"cameronsino",1
916621,"pitatel",3
482352,"makita",1
822903,"mikrotik",2
865289,"ultramounts",3
367313,"easyprint",1
204669,"huter",1
30176,"cactus",1
296452,"xerox",2
864136,"mobilepc",2
4005281,"bort",1
3959578,"asus",1
176026,"palmexx",1
1040190,"nv-print",1
3701184,"redmond",1
3760815,"asus",1
1430801,"crown",2
1724312,"msi",1
903858,"apacer",1
1666810,"brother",3
1794657,"palmexx",2
1022298,"pitatel",1
58995,"cactus",1
164439,"palmexx",2
1544035,"xiaomi",1
842250,"sirius",1
905304,"fluke",1
223266,"palmexx",1
2365,"asus",1
4079087,"maono",3
610103,"sony",3
427950,"ricoh",1
1529101,"logitech",1
1549782,"aopen",1
1838982,"canon",4
3790414,"greenconnect",1
139413,"zalman",1
1423209,"panasonic",2
1399983,"alas",1
413696,"asus",5
54998,"cactus",1
654713,"kingston",1
733425,"pitatel",1
3791139,"hp",1
3829907,"bosch",1
803554,"topon",1
1724229,"jet",2
852896,"pitatel",2
481937,"transcend",1
1027953,"jbl",2
3734372,"inspector",1
1125826,"smartbuy",1
3033117,"sirius",1
462233,"brother",2
1401335,"msi",1
4099067,"redragon",1
4078882,"xiaomi",1
942470,"kingston",1
4032933,"msi",1
1586364,"samsung",2
1283196,"zyxel",1
1570965,"hyperx",3
1813109,"chairman",1
916468,"pitatel",4
1785105,"cameronsino",2
3556377,"samsung",1
478607,"brother",3
1569747,"sven",3
4088922,"cactus",1
1400988,"thomas",2
1821577,"sirius",3
1578023,"oklick",2
1849327,"kenwood",1
1454000,"cactus",2
28702,"cactus",1
28703,"cactus",1
28704,"cactus",1
1006941,"mobilepc",1
680883,"candy",5
401360,"msi",4
1714699,"zte",2
949111,"sven",1
3648106,"cameronsino",1
1282360,"nanoleaf",1
3537323,"sirius",1
208779,"panasonic",2
570058,"mikrotik",1
3791046,"cameronsino",3
820058,"pitatel",1
1569555,"honeywell",2
3829003,"zebra",4
942497,"casio",1
4155935,"urban",2
306589,"buro",2
218568,"buro",1
1795509,"haier",3
787575,"buro",3
788182,"seagate",2
1354266,"hp",1
3698823,"palmexx",1
1135402,"pioneer",1
1578270,"seagate",3
1453086,"remax",7
1148952,"hama",1
4101658,"apple",1
4170792,"hp",1
1023365,"kingston",2
1429219,"asus",1
1703799,"optoma",1
1633726,"pioneer",3
664967,"dell",1
1803844,"neomax",1
847088,"pitatel",3
1666635,"dahua",1
3791406,"xiaomi",1
3627715,"msi",1
780741,"benq",2
4053090,"kyocera",1
1643138,"aoc",3
908537,"asus",1
1682376,"kingston",2
4051727,"samsung",1
1578022,"iiyama",1
910868,"bort",1
3791387,"aerocool",1
4005380,"msi",1
124056,"dialog",1
1273392,"casio",1
874222,"spigen",1
3605744,"cameronsino",1
3665925,"smartbuy",1
3759423,"intel",1
365084,"ncp",1
852559,"rekam",1
1578116,"pitatel",3
3659790,"ubiquiti",1
910126,"topon",1
3760910,"xiaomi",1
3701215,"redmond",1
758382,"sirius",1
846777,"element",1
1079696,"huawei",1
1674634,"canon",1
4101569,"asus",1
1821555,"sirius",2
1364789,"hi-black",2
8078,"epson",2
416536,"mikrotik",1
1135693,"supermicro",3
743207,"lukey",2
1578115,"pitatel",1
1370775,"smartbuy",1
880503,"cougar",1
3764275,"bort",1
3489696,"lenovo",1
695085,"bort",1
1414233,"jbl",1
740431,"msi",1
4076551,"gefest",2
4100796,"spigen",1
3675253,"sinbo",1
669765,"bort",1
2810441,"aerocool",1
1675188,"asus",1
1542356,"ippon",1
4170706,"zalman",2
628051,"topon",1
1044824,"cactus",3
3642322,"xiaomi",1
1652085,"hoco",4
1682318,"spigen",4
88780,"metabo",1
1803853,"procase",3
1282453,"alas",1
456468,"optim",1
1694506,"acer",2
900057,"gefest",1
845326,"tenda",1
1400036,"alas",1
879623,"mobilepc",1
1467295,"fluke",1
842008,"intel",1
802290,"mobilepc",1
1531292,"aerocool",1
781217,"deepcool",1
141409,"corsair",1
1804666,"hyundai",1
839558,"sirius",1
905557,"lg",3
4101860,"acv",1
780828,"sony",1
852676,"pitatel",1
1745002,"adata",1
863780,"edifier",2
777528,"topon",3
1247163,"easyprint",1
1148977,"orient",1
264672,"kyocera",1
175966,"panasonic",1
1769608,"polaris",1
758927,"sirius",3
827108,"crown",1
294919,"hp",1
3711835,"tp-link",1
266443,"brother",1
460065,"brother",1
3422502,"topon",1
4154734,"roccat",1
525422,"merrylock",1
3658534,"cameronsino",1
4154263,"borofone",2
177177,"continent",4
846561,"pitatel",1
1622466,"pocketbook",1
271646,"sven",1
1399860,"ricoh",2
4005417,"hp",1
2721369,"corsair",3
1714050,"qcyber",1
811021,"polaris",1
454993,"acv",5
1306447,"proskit",1
1022524,"rexant",1
4154596,"bbk",2
892930,"cactus",1
665179,"topon",2
1466901,"palmexx",3
1270608,"lomond",1
1745794,"i-blason",1
1848352,"topon",1
3506340,"xiaomi",1
3658333,"wits",1
4170280,"kenwood",7
905494,"lenovo",1
29723,"gigaset",4
3536840,"steelseries",1
4051875,"hama",1
914374,"pitatel",1
1666909,"topon",2
1745796,"i-blason",2
1570701,"camelion",3
810460,"verus",1
4171019,"procase",2
4171024,"vitherum",1
3979012,"gefest",2
600007,"aqc",2
1144958,"cablexpert",1
1021072,"ural",1
869470,"exegate",2
611675,"topon",1
1829600,"pioneer",2
1821497,"palit",1
371419,"sega",2
178829,"acer",1
1785571,"jbl",8
741652,"artway",1
1666738,"gigabyte",2
3781391,"intel",2
4035834,"acv",1
4079299,"msi",1
397590,"dialog",1
1428390,"sirius",1
1674205,"cameronsino",1
129896,"ippon",2
1453786,"cameronsino",1
695258,"bosch",4
288472,"ippon",1
3660760,"hyundai",1
817415,"batterika",4
1248381,"apacer",1
1745194,"formula",1
4099849,"deepcool",3
844872,"celly",1
1642613,"falcon",1
743181,"kada",1
4099765,"pioneer",2
3781335,"intel",1
938554,"samsung",1
629504,"brother",1
898989,"superfine",1
3556223,"p.i.t.",3
3822093,"hp",1
1414230,"infinity",1
4057606,"ark",1
1507027,"lenovo",1
779454,"greenconnect",1
1578050,"acmepower",1
1756494,"kenwood",1
241709,"jaguar",2
1017690,"defender",1
32101,"cactus",1
1400127,"tenda",1
1813600,"hyperline",1
827365,"mechanic",1
1506768,"topon",3
631058,"topon",1
4005211,"sinbo",2
1022286,"w.e.p.",1
1454111,"philips",1
4155907,"lexar",1
884451,"lg",1
1839031,"msi",2
1586216,"i-blason",2
453808,"multitronics",1
1136209,"acer",1
609869,"topon",2
1355154,"stayer",1
3904678,"aerocool",3
84499,"alpine",3
54935,"cactus",1
3640435,"hoco",1
262048,"panasonic",1
3556303,"huawei",1
4154152,"samsung",1
4078926,"palit",2
616298,"topon",2
4154287,"megajet",5
4005420,"hp",1
757620,"seagate",2
367273,"nv-print",1
4078914,"gigabyte",7
3830570,"cameronsino",1
626088,"telecom",1
3759919,"telecom",1
3147,"transcend",1
1851645,"hiwatch",1
232912,"defender",1
225873,"logitech",1
864065,"mobilepc",1
1020798,"xiaomi",1
3698883,"bosch",1
416511,"ippon",1
4155206,"polaris",1
225790,"bosch",1
4012950,"tripplite",2
3648129,"cameronsino",1
1522567,"aerocool",1
736044,"asus",1
3791776,"intel",6
1674645,"element",1
1674646,"element",1
1674647,"element",1
1674650,"element",1
4078924,"gigabyte",1
3556473,"amd",3
3829587,"cactus",1
1529504,"philips",2
760044,"dell",1
84315,"cactus",1
3627541,"tp-link",1
696381,"bosch",1
3759457,"wolta",2
4051614,"oklick",1
1830158,"cactus",3
1768598,"ark",1
1694833,"canon",1
1010582,"orient",1
1848559,"sirius",1
799287,"sven",1
654329,"lomond",1
3642422,"sirius",2
